CustomerId,OrderDate,SalesOrderNumber,Subtotal,TaxAmt,Freight,TotalDue,ProductID,ProductName,OrderQty,LineTotal
29847,2008-06-01 00:00:00.000,SO71774,"880,3484","70,4279","22,0087","972,785",836,"ML Road Frame-W - Yellow, 48",1,356.898000
29847,2008-06-01 00:00:00.000,SO71774,"880,3484","70,4279","22,0087","972,785",822,"ML Road Frame-W - Yellow, 38",1,356.898000
30072,2008-06-01 00:00:00.000,SO71776,"78,81","6,3048","1,9703","87,0851",907,Rear Brakes,1,63.900000
30113,2008-06-01 00:00:00.000,SO71780,"38418,6895","3073,4952","960,4672","42452,6519",905,"ML Mountain Frame-W - Silver, 42",4,873.816000
30113,2008-06-01 00:00:00.000,SO71780,"38418,6895","3073,4952","960,4672","42452,6519",983,"Mountain-400-W Silver, 46",2,923.388000
30113,2008-06-01 00:00:00.000,SO71780,"38418,6895","3073,4952","960,4672","42452,6519",988,"Mountain-500 Silver, 52",6,406.792800
30113,2008-06-01 00:00:00.000,SO71780,"38418,6895","3073,4952","960,4672","42452,6519",748,"HL Mountain Frame - Silver, 38",2,1637.400000
30113,2008-06-01 00:00:00.000,SO71780,"38418,6895","3073,4952","960,4672","42452,6519",990,"Mountain-500 Black, 42",1,323.994000
30113,2008-06-01 00:00:00.000,SO71780,"38418,6895","3073,4952","960,4672","42452,6519",926,"LL Mountain Frame - Black, 48",1,149.874000
30113,2008-06-01 00:00:00.000,SO71780,"38418,6895","3073,4952","960,4672","42452,6519",743,"HL Mountain Frame - Black, 42",1,809.760000
30113,2008-06-01 00:00:00.000,SO71780,"38418,6895","3073,4952","960,4672","42452,6519",782,"Mountain-200 Black, 38",4,5507.976000
30113,2008-06-01 00:00:00.000,SO71780,"38418,6895","3073,4952","960,4672","42452,6519",918,"LL Mountain Frame - Silver, 44",2,316.860000
30113,2008-06-01 00:00:00.000,SO71780,"38418,6895","3073,4952","960,4672","42452,6519",780,"Mountain-200 Silver, 42",4,5567.976000
30113,2008-06-01 00:00:00.000,SO71780,"38418,6895","3073,4952","960,4672","42452,6519",937,HL Mountain Pedal,1,48.594000
30113,2008-06-01 00:00:00.000,SO71780,"38418,6895","3073,4952","960,4672","42452,6519",867,"Women's Mountain Shorts, S",6,251.964000
30113,2008-06-01 00:00:00.000,SO71780,"38418,6895","3073,4952","960,4672","42452,6519",985,"Mountain-500 Silver, 42",1,67.798800
30113,2008-06-01 00:00:00.000,SO71780,"38418,6895","3073,4952","960,4672","42452,6519",989,"Mountain-500 Black, 40",2,647.988000
30113,2008-06-01 00:00:00.000,SO71780,"38418,6895","3073,4952","960,4672","42452,6519",991,"Mountain-500 Black, 44",3,971.982000
30113,2008-06-01 00:00:00.000,SO71780,"38418,6895","3073,4952","960,4672","42452,6519",992,"Mountain-500 Black, 48",1,323.994000
30113,2008-06-01 00:00:00.000,SO71780,"38418,6895","3073,4952","960,4672","42452,6519",993,"Mountain-500 Black, 52",2,647.988000
30113,2008-06-01 00:00:00.000,SO71780,"38418,6895","3073,4952","960,4672","42452,6519",984,"Mountain-500 Silver, 40",2,135.597600
30113,2008-06-01 00:00:00.000,SO71780,"38418,6895","3073,4952","960,4672","42452,6519",986,"Mountain-500 Silver, 44",3,203.396400
30113,2008-06-01 00:00:00.000,SO71780,"38418,6895","3073,4952","960,4672","42452,6519",987,"Mountain-500 Silver, 48",3,203.396400
30113,2008-06-01 00:00:00.000,SO71780,"38418,6895","3073,4952","960,4672","42452,6519",981,"Mountain-400-W Silver, 40",2,923.388000
30113,2008-06-01 00:00:00.000,SO71780,"38418,6895","3073,4952","960,4672","42452,6519",982,"Mountain-400-W Silver, 42",3,1385.082000
30113,2008-06-01 00:00:00.000,SO71780,"38418,6895","3073,4952","960,4672","42452,6519",783,"Mountain-200 Black, 42",5,6884.970000
30113,2008-06-01 00:00:00.000,SO71780,"38418,6895","3073,4952","960,4672","42452,6519",809,ML Mountain Handlebars,3,111.456000
30113,2008-06-01 00:00:00.000,SO71780,"38418,6895","3073,4952","960,4672","42452,6519",810,HL Mountain Handlebars,1,72.162000
30113,2008-06-01 00:00:00.000,SO71780,"38418,6895","3073,4952","960,4672","42452,6519",935,LL Mountain Pedal,2,48.588000
30113,2008-06-01 00:00:00.000,SO71780,"38418,6895","3073,4952","960,4672","42452,6519",925,"LL Mountain Frame - Black, 44",1,149.874000
30113,2008-06-01 00:00:00.000,SO71780,"38418,6895","3073,4952","960,4672","42452,6519",869,"Women's Mountain Shorts, L",7,293.958000
30113,2008-06-01 00:00:00.000,SO71780,"38418,6895","3073,4952","960,4672","42452,6519",880,Hydration Pack - 70 oz.,1,32.994000
29485,2008-06-01 00:00:00.000,SO71782,"39785,3304","3182,8264","994,6333","43962,7901",714,"Long-Sleeve Logo Jersey, M",3,89.982000
29485,2008-06-01 00:00:00.000,SO71782,"39785,3304","3182,8264","994,6333","43962,7901",956,"Touring-1000 Yellow, 54",3,4291.326000
29485,2008-06-01 00:00:00.000,SO71782,"39785,3304","3182,8264","994,6333","43962,7901",954,"Touring-1000 Yellow, 46",1,1430.442000
29485,2008-06-01 00:00:00.000,SO71782,"39785,3304","3182,8264","994,6333","43962,7901",712,AWC Logo Cap,10,53.940000
29485,2008-06-01 00:00:00.000,SO71782,"39785,3304","3182,8264","994,6333","43962,7901",877,Bike Wash - Dissolver,10,47.700000
29485,2008-06-01 00:00:00.000,SO71782,"39785,3304","3182,8264","994,6333","43962,7901",996,HL Bottom Bracket,4,291.576000
29485,2008-06-01 00:00:00.000,SO71782,"39785,3304","3182,8264","994,6333","43962,7901",864,"Classic Vest, S",6,228.600000
29485,2008-06-01 00:00:00.000,SO71782,"39785,3304","3182,8264","994,6333","43962,7901",876,Hitch Rack - 4-Bike,3,216.000000
29485,2008-06-01 00:00:00.000,SO71782,"39785,3304","3182,8264","994,6333","43962,7901",959,"Touring-3000 Blue, 58",4,1781.640000
29485,2008-06-01 00:00:00.000,SO71782,"39785,3304","3182,8264","994,6333","43962,7901",971,"Touring-2000 Blue, 50",4,2915.640000
29485,2008-06-01 00:00:00.000,SO71782,"39785,3304","3182,8264","994,6333","43962,7901",870,Water Bottle - 30 oz.,6,17.964000
29485,2008-06-01 00:00:00.000,SO71782,"39785,3304","3182,8264","994,6333","43962,7901",978,"Touring-3000 Blue, 44",1,445.410000
29485,2008-06-01 00:00:00.000,SO71782,"39785,3304","3182,8264","994,6333","43962,7901",955,"Touring-1000 Yellow, 50",1,1430.442000
29485,2008-06-01 00:00:00.000,SO71782,"39785,3304","3182,8264","994,6333","43962,7901",948,Front Brakes,1,63.900000
29485,2008-06-01 00:00:00.000,SO71782,"39785,3304","3182,8264","994,6333","43962,7901",994,LL Bottom Bracket,1,32.394000
29485,2008-06-01 00:00:00.000,SO71782,"39785,3304","3182,8264","994,6333","43962,7901",970,"Touring-2000 Blue, 46",1,728.910000
29485,2008-06-01 00:00:00.000,SO71782,"39785,3304","3182,8264","994,6333","43962,7901",966,"Touring-1000 Blue, 46",2,2860.884000
29485,2008-06-01 00:00:00.000,SO71782,"39785,3304","3182,8264","994,6333","43962,7901",884,"Short-Sleeve Classic Jersey, XL",4,129.576000
29485,2008-06-01 00:00:00.000,SO71782,"39785,3304","3182,8264","994,6333","43962,7901",885,"HL Touring Frame - Yellow, 60",2,1204.692000
29485,2008-06-01 00:00:00.000,SO71782,"39785,3304","3182,8264","994,6333","43962,7901",715,"Long-Sleeve Logo Jersey, L",8,239.952000
29485,2008-06-01 00:00:00.000,SO71782,"39785,3304","3182,8264","994,6333","43962,7901",894,Rear Derailleur,3,218.628000
29485,2008-06-01 00:00:00.000,SO71782,"39785,3304","3182,8264","994,6333","43962,7901",957,"Touring-1000 Yellow, 60",1,1430.442000
29485,2008-06-01 00:00:00.000,SO71782,"39785,3304","3182,8264","994,6333","43962,7901",967,"Touring-1000 Blue, 50",2,2860.884000
29485,2008-06-01 00:00:00.000,SO71782,"39785,3304","3182,8264","994,6333","43962,7901",708,"Sport-100 Helmet, Black",7,146.958000
29485,2008-06-01 00:00:00.000,SO71782,"39785,3304","3182,8264","994,6333","43962,7901",961,"Touring-3000 Yellow, 44",3,1336.230000
29485,2008-06-01 00:00:00.000,SO71782,"39785,3304","3182,8264","994,6333","43962,7901",979,"Touring-3000 Blue, 50",2,890.820000
29485,2008-06-01 00:00:00.000,SO71782,"39785,3304","3182,8264","994,6333","43962,7901",958,"Touring-3000 Blue, 54",2,890.820000
29485,2008-06-01 00:00:00.000,SO71782,"39785,3304","3182,8264","994,6333","43962,7901",963,"Touring-3000 Yellow, 54",1,445.410000
29485,2008-06-01 00:00:00.000,SO71782,"39785,3304","3182,8264","994,6333","43962,7901",953,"Touring-2000 Blue, 60",1,728.910000
29485,2008-06-01 00:00:00.000,SO71782,"39785,3304","3182,8264","994,6333","43962,7901",968,"Touring-1000 Blue, 54",2,2860.884000
29485,2008-06-01 00:00:00.000,SO71782,"39785,3304","3182,8264","994,6333","43962,7901",951,HL Crankset,2,485.988000
29485,2008-06-01 00:00:00.000,SO71782,"39785,3304","3182,8264","994,6333","43962,7901",945,Front Derailleur,2,109.788000
29485,2008-06-01 00:00:00.000,SO71782,"39785,3304","3182,8264","994,6333","43962,7901",916,HL Touring Seat/Saddle,1,31.584000
29485,2008-06-01 00:00:00.000,SO71782,"39785,3304","3182,8264","994,6333","43962,7901",886,"LL Touring Frame - Yellow, 62",1,200.052000
29485,2008-06-01 00:00:00.000,SO71782,"39785,3304","3182,8264","994,6333","43962,7901",892,"HL Touring Frame - Blue, 54",1,602.346000
29485,2008-06-01 00:00:00.000,SO71782,"39785,3304","3182,8264","994,6333","43962,7901",893,"HL Touring Frame - Blue, 60",1,602.346000
29485,2008-06-01 00:00:00.000,SO71782,"39785,3304","3182,8264","994,6333","43962,7901",881,"Short-Sleeve Classic Jersey, S",6,194.364000
29485,2008-06-01 00:00:00.000,SO71782,"39785,3304","3182,8264","994,6333","43962,7901",883,"Short-Sleeve Classic Jersey, L",4,129.576000
29485,2008-06-01 00:00:00.000,SO71782,"39785,3304","3182,8264","994,6333","43962,7901",859,"Half-Finger Gloves, M",1,14.694000
29485,2008-06-01 00:00:00.000,SO71782,"39785,3304","3182,8264","994,6333","43962,7901",865,"Classic Vest, M",4,152.400000
29485,2008-06-01 00:00:00.000,SO71782,"39785,3304","3182,8264","994,6333","43962,7901",880,Hydration Pack - 70 oz.,9,296.946000
29485,2008-06-01 00:00:00.000,SO71782,"39785,3304","3182,8264","994,6333","43962,7901",711,"Sport-100 Helmet, Blue",6,125.964000
29485,2008-06-01 00:00:00.000,SO71782,"39785,3304","3182,8264","994,6333","43962,7901",707,"Sport-100 Helmet, Red",3,62.982000
29957,2008-06-01 00:00:00.000,SO71783,"83858,4261","6708,6741","2096,4607","92663,5609",738,"LL Road Frame - Black, 52",4,809.328000
29957,2008-06-01 00:00:00.000,SO71783,"83858,4261","6708,6741","2096,4607","92663,5609",939,ML Road Pedal,6,223.524000
29957,2008-06-01 00:00:00.000,SO71783,"83858,4261","6708,6741","2096,4607","92663,5609",793,"Road-250 Black, 44",3,4398.030000
29957,2008-06-01 00:00:00.000,SO71783,"83858,4261","6708,6741","2096,4607","92663,5609",977,"Road-750 Black, 58",4,1295.976000
29957,2008-06-01 00:00:00.000,SO71783,"83858,4261","6708,6741","2096,4607","92663,5609",880,Hydration Pack - 70 oz.,9,296.946000
29957,2008-06-01 00:00:00.000,SO71783,"83858,4261","6708,6741","2096,4607","92663,5609",859,"Half-Finger Gloves, M",7,102.858000
29957,2008-06-01 00:00:00.000,SO71783,"83858,4261","6708,6741","2096,4607","92663,5609",976,"Road-350-W Yellow, 48",25,19136.137500
29957,2008-06-01 00:00:00.000,SO71783,"83858,4261","6708,6741","2096,4607","92663,5609",714,"Long-Sleeve Logo Jersey, M",6,179.964000
29957,2008-06-01 00:00:00.000,SO71783,"83858,4261","6708,6741","2096,4607","92663,5609",877,Bike Wash - Dissolver,8,38.160000
29957,2008-06-01 00:00:00.000,SO71783,"83858,4261","6708,6741","2096,4607","92663,5609",813,HL Road Handlebars,1,72.162000
29957,2008-06-01 00:00:00.000,SO71783,"83858,4261","6708,6741","2096,4607","92663,5609",881,"Short-Sleeve Classic Jersey, S",6,194.364000
29957,2008-06-01 00:00:00.000,SO71783,"83858,4261","6708,6741","2096,4607","92663,5609",873,Patch Kit/8 Patches,6,8.244000
29957,2008-06-01 00:00:00.000,SO71783,"83858,4261","6708,6741","2096,4607","92663,5609",870,Water Bottle - 30 oz.,10,29.940000
29957,2008-06-01 00:00:00.000,SO71783,"83858,4261","6708,6741","2096,4607","92663,5609",822,"ML Road Frame-W - Yellow, 38",1,356.898000
29957,2008-06-01 00:00:00.000,SO71783,"83858,4261","6708,6741","2096,4607","92663,5609",799,"Road-550-W Yellow, 42",1,672.294000
29957,2008-06-01 00:00:00.000,SO71783,"83858,4261","6708,6741","2096,4607","92663,5609",858,"Half-Finger Gloves, S",2,29.388000
29957,2008-06-01 00:00:00.000,SO71783,"83858,4261","6708,6741","2096,4607","92663,5609",860,"Half-Finger Gloves, L",9,132.246000
29957,2008-06-01 00:00:00.000,SO71783,"83858,4261","6708,6741","2096,4607","92663,5609",864,"Classic Vest, S",15,497.681250
29957,2008-06-01 00:00:00.000,SO71783,"83858,4261","6708,6741","2096,4607","92663,5609",938,LL Road Pedal,3,72.882000
29957,2008-06-01 00:00:00.000,SO71783,"83858,4261","6708,6741","2096,4607","92663,5609",883,"Short-Sleeve Classic Jersey, L",11,337.567076
29957,2008-06-01 00:00:00.000,SO71783,"83858,4261","6708,6741","2096,4607","92663,5609",722,"LL Road Frame - Black, 58",6,1213.992000
29957,2008-06-01 00:00:00.000,SO71783,"83858,4261","6708,6741","2096,4607","92663,5609",884,"Short-Sleeve Classic Jersey, XL",9,291.546000
29957,2008-06-01 00:00:00.000,SO71783,"83858,4261","6708,6741","2096,4607","92663,5609",998,"Road-750 Black, 48",7,2267.958000
29957,2008-06-01 00:00:00.000,SO71783,"83858,4261","6708,6741","2096,4607","92663,5609",999,"Road-750 Black, 52",5,1619.970000
29957,2008-06-01 00:00:00.000,SO71783,"83858,4261","6708,6741","2096,4607","92663,5609",797,"Road-550-W Yellow, 38",4,2689.176000
29957,2008-06-01 00:00:00.000,SO71783,"83858,4261","6708,6741","2096,4607","92663,5609",798,"Road-550-W Yellow, 40",1,672.294000
29957,2008-06-01 00:00:00.000,SO71783,"83858,4261","6708,6741","2096,4607","92663,5609",801,"Road-550-W Yellow, 48",1,672.294000
29957,2008-06-01 00:00:00.000,SO71783,"83858,4261","6708,6741","2096,4607","92663,5609",973,"Road-350-W Yellow, 40",5,5102.970000
29957,2008-06-01 00:00:00.000,SO71783,"83858,4261","6708,6741","2096,4607","92663,5609",974,"Road-350-W Yellow, 42",13,12568.955308
29957,2008-06-01 00:00:00.000,SO71783,"83858,4261","6708,6741","2096,4607","92663,5609",940,HL Road Pedal,4,194.376000
29957,2008-06-01 00:00:00.000,SO71783,"83858,4261","6708,6741","2096,4607","92663,5609",835,"ML Road Frame-W - Yellow, 44",3,1070.694000
29957,2008-06-01 00:00:00.000,SO71783,"83858,4261","6708,6741","2096,4607","92663,5609",836,"ML Road Frame-W - Yellow, 48",4,1427.592000
29957,2008-06-01 00:00:00.000,SO71783,"83858,4261","6708,6741","2096,4607","92663,5609",838,"HL Road Frame - Black, 44",4,3435.600000
29957,2008-06-01 00:00:00.000,SO71783,"83858,4261","6708,6741","2096,4607","92663,5609",718,"HL Road Frame - Red, 44",2,1717.800000
29957,2008-06-01 00:00:00.000,SO71783,"83858,4261","6708,6741","2096,4607","92663,5609",715,"Long-Sleeve Logo Jersey, L",17,444.036175
29957,2008-06-01 00:00:00.000,SO71783,"83858,4261","6708,6741","2096,4607","92663,5609",716,"Long-Sleeve Logo Jersey, XL",4,119.976000
29957,2008-06-01 00:00:00.000,SO71783,"83858,4261","6708,6741","2096,4607","92663,5609",875,"Racing Socks, L",1,5.394000
29957,2008-06-01 00:00:00.000,SO71783,"83858,4261","6708,6741","2096,4607","92663,5609",865,"Classic Vest, M",10,381.000000
29957,2008-06-01 00:00:00.000,SO71783,"83858,4261","6708,6741","2096,4607","92663,5609",712,AWC Logo Cap,11,56.209076
29957,2008-06-01 00:00:00.000,SO71783,"83858,4261","6708,6741","2096,4607","92663,5609",711,"Sport-100 Helmet, Blue",15,274.234125
29957,2008-06-01 00:00:00.000,SO71783,"83858,4261","6708,6741","2096,4607","92663,5609",876,Hitch Rack - 4-Bike,2,144.000000
29957,2008-06-01 00:00:00.000,SO71783,"83858,4261","6708,6741","2096,4607","92663,5609",707,"Sport-100 Helmet, Red",10,209.940000
29957,2008-06-01 00:00:00.000,SO71783,"83858,4261","6708,6741","2096,4607","92663,5609",708,"Sport-100 Helmet, Black",11,218.771476
29736,2008-06-01 00:00:00.000,SO71784,"108561,8317","8684,9465","2714,0458","119960,824",711,"Sport-100 Helmet, Blue",2,41.988000
29736,2008-06-01 00:00:00.000,SO71784,"108561,8317","8684,9465","2714,0458","119960,824",885,"HL Touring Frame - Yellow, 60",8,4818.768000
29736,2008-06-01 00:00:00.000,SO71784,"108561,8317","8684,9465","2714,0458","119960,824",954,"Touring-1000 Yellow, 46",2,2860.884000
29736,2008-06-01 00:00:00.000,SO71784,"108561,8317","8684,9465","2714,0458","119960,824",870,Water Bottle - 30 oz.,11,31.199476
29736,2008-06-01 00:00:00.000,SO71784,"108561,8317","8684,9465","2714,0458","119960,824",865,"Classic Vest, M",8,304.800000
29736,2008-06-01 00:00:00.000,SO71784,"108561,8317","8684,9465","2714,0458","119960,824",970,"Touring-2000 Blue, 46",4,2915.640000
29736,2008-06-01 00:00:00.000,SO71784,"108561,8317","8684,9465","2714,0458","119960,824",959,"Touring-3000 Blue, 58",1,445.410000
29736,2008-06-01 00:00:00.000,SO71784,"108561,8317","8684,9465","2714,0458","119960,824",714,"Long-Sleeve Logo Jersey, M",9,269.946000
29736,2008-06-01 00:00:00.000,SO71784,"108561,8317","8684,9465","2714,0458","119960,824",712,AWC Logo Cap,10,53.940000
29736,2008-06-01 00:00:00.000,SO71784,"108561,8317","8684,9465","2714,0458","119960,824",972,"Touring-2000 Blue, 54",4,2915.640000
29736,2008-06-01 00:00:00.000,SO71784,"108561,8317","8684,9465","2714,0458","119960,824",877,Bike Wash - Dissolver,8,38.160000
29736,2008-06-01 00:00:00.000,SO71784,"108561,8317","8684,9465","2714,0458","119960,824",716,"Long-Sleeve Logo Jersey, XL",5,149.970000
29736,2008-06-01 00:00:00.000,SO71784,"108561,8317","8684,9465","2714,0458","119960,824",965,"Touring-3000 Yellow, 62",11,4641.469140
29736,2008-06-01 00:00:00.000,SO71784,"108561,8317","8684,9465","2714,0458","119960,824",958,"Touring-3000 Blue, 54",6,2672.460000
29736,2008-06-01 00:00:00.000,SO71784,"108561,8317","8684,9465","2714,0458","119960,824",876,Hitch Rack - 4-Bike,6,432.000000
29736,2008-06-01 00:00:00.000,SO71784,"108561,8317","8684,9465","2714,0458","119960,824",899,"LL Touring Frame - Yellow, 44",2,400.104000
29736,2008-06-01 00:00:00.000,SO71784,"108561,8317","8684,9465","2714,0458","119960,824",858,"Half-Finger Gloves, S",6,88.164000
29736,2008-06-01 00:00:00.000,SO71784,"108561,8317","8684,9465","2714,0458","119960,824",889,"HL Touring Frame - Yellow, 54",4,2409.384000
29736,2008-06-01 00:00:00.000,SO71784,"108561,8317","8684,9465","2714,0458","119960,824",962,"Touring-3000 Yellow, 50",7,3117.870000
29736,2008-06-01 00:00:00.000,SO71784,"108561,8317","8684,9465","2714,0458","119960,824",895,"LL Touring Frame - Blue, 50",2,400.104000
29736,2008-06-01 00:00:00.000,SO71784,"108561,8317","8684,9465","2714,0458","119960,824",957,"Touring-1000 Yellow, 60",12,16261.264656
29736,2008-06-01 00:00:00.000,SO71784,"108561,8317","8684,9465","2714,0458","119960,824",979,"Touring-3000 Blue, 50",8,3563.280000
29736,2008-06-01 00:00:00.000,SO71784,"108561,8317","8684,9465","2714,0458","119960,824",961,"Touring-3000 Yellow, 44",3,1336.230000
29736,2008-06-01 00:00:00.000,SO71784,"108561,8317","8684,9465","2714,0458","119960,824",963,"Touring-3000 Yellow, 54",5,2227.050000
29736,2008-06-01 00:00:00.000,SO71784,"108561,8317","8684,9465","2714,0458","119960,824",953,"Touring-2000 Blue, 60",3,2186.730000
29736,2008-06-01 00:00:00.000,SO71784,"108561,8317","8684,9465","2714,0458","119960,824",966,"Touring-1000 Blue, 46",4,5721.768000
29736,2008-06-01 00:00:00.000,SO71784,"108561,8317","8684,9465","2714,0458","119960,824",967,"Touring-1000 Blue, 50",6,8582.652000
29736,2008-06-01 00:00:00.000,SO71784,"108561,8317","8684,9465","2714,0458","119960,824",969,"Touring-1000 Blue, 60",10,14304.420000
29736,2008-06-01 00:00:00.000,SO71784,"108561,8317","8684,9465","2714,0458","119960,824",955,"Touring-1000 Yellow, 50",2,2860.884000
29736,2008-06-01 00:00:00.000,SO71784,"108561,8317","8684,9465","2714,0458","119960,824",916,HL Touring Seat/Saddle,2,63.168000
29736,2008-06-01 00:00:00.000,SO71784,"108561,8317","8684,9465","2714,0458","119960,824",896,"LL Touring Frame - Blue, 54",3,600.156000
29736,2008-06-01 00:00:00.000,SO71784,"108561,8317","8684,9465","2714,0458","119960,824",900,"LL Touring Frame - Yellow, 50",1,200.052000
29736,2008-06-01 00:00:00.000,SO71784,"108561,8317","8684,9465","2714,0458","119960,824",893,"HL Touring Frame - Blue, 60",1,602.346000
29736,2008-06-01 00:00:00.000,SO71784,"108561,8317","8684,9465","2714,0458","119960,824",715,"Long-Sleeve Logo Jersey, L",8,239.952000
29736,2008-06-01 00:00:00.000,SO71784,"108561,8317","8684,9465","2714,0458","119960,824",881,"Short-Sleeve Classic Jersey, S",6,194.364000
29736,2008-06-01 00:00:00.000,SO71784,"108561,8317","8684,9465","2714,0458","119960,824",883,"Short-Sleeve Classic Jersey, L",7,226.758000
29736,2008-06-01 00:00:00.000,SO71784,"108561,8317","8684,9465","2714,0458","119960,824",884,"Short-Sleeve Classic Jersey, XL",3,97.182000
29736,2008-06-01 00:00:00.000,SO71784,"108561,8317","8684,9465","2714,0458","119960,824",859,"Half-Finger Gloves, M",5,73.470000
29736,2008-06-01 00:00:00.000,SO71784,"108561,8317","8684,9465","2714,0458","119960,824",864,"Classic Vest, S",23,763.111250
29736,2008-06-01 00:00:00.000,SO71784,"108561,8317","8684,9465","2714,0458","119960,824",880,Hydration Pack - 70 oz.,9,296.946000
29736,2008-06-01 00:00:00.000,SO71784,"108561,8317","8684,9465","2714,0458","119960,824",873,Patch Kit/8 Patches,8,10.992000
29736,2008-06-01 00:00:00.000,SO71784,"108561,8317","8684,9465","2714,0458","119960,824",707,"Sport-100 Helmet, Red",10,209.940000
29736,2008-06-01 00:00:00.000,SO71784,"108561,8317","8684,9465","2714,0458","119960,824",708,"Sport-100 Helmet, Black",12,238.659792
29660,2008-06-01 00:00:00.000,SO71796,"57634,6342","4610,7707","1440,8659","63686,2708",891,"HL Touring Frame - Blue, 50",1,602.346000
29660,2008-06-01 00:00:00.000,SO71796,"57634,6342","4610,7707","1440,8659","63686,2708",972,"Touring-2000 Blue, 54",8,5831.280000
29660,2008-06-01 00:00:00.000,SO71796,"57634,6342","4610,7707","1440,8659","63686,2708",953,"Touring-2000 Blue, 60",2,1457.820000
29660,2008-06-01 00:00:00.000,SO71796,"57634,6342","4610,7707","1440,8659","63686,2708",916,HL Touring Seat/Saddle,1,31.584000
29660,2008-06-01 00:00:00.000,SO71796,"57634,6342","4610,7707","1440,8659","63686,2708",958,"Touring-3000 Blue, 54",5,2227.050000
29660,2008-06-01 00:00:00.000,SO71796,"57634,6342","4610,7707","1440,8659","63686,2708",957,"Touring-1000 Yellow, 60",3,4291.326000
29660,2008-06-01 00:00:00.000,SO71796,"57634,6342","4610,7707","1440,8659","63686,2708",969,"Touring-1000 Blue, 60",9,12873.978000
29660,2008-06-01 00:00:00.000,SO71796,"57634,6342","4610,7707","1440,8659","63686,2708",967,"Touring-1000 Blue, 50",2,2860.884000
29660,2008-06-01 00:00:00.000,SO71796,"57634,6342","4610,7707","1440,8659","63686,2708",979,"Touring-3000 Blue, 50",3,1336.230000
29660,2008-06-01 00:00:00.000,SO71796,"57634,6342","4610,7707","1440,8659","63686,2708",961,"Touring-3000 Yellow, 44",7,3117.870000
29660,2008-06-01 00:00:00.000,SO71796,"57634,6342","4610,7707","1440,8659","63686,2708",965,"Touring-3000 Yellow, 62",2,890.820000
29660,2008-06-01 00:00:00.000,SO71796,"57634,6342","4610,7707","1440,8659","63686,2708",970,"Touring-2000 Blue, 46",1,728.910000
29660,2008-06-01 00:00:00.000,SO71796,"57634,6342","4610,7707","1440,8659","63686,2708",954,"Touring-1000 Yellow, 46",3,4291.326000
29660,2008-06-01 00:00:00.000,SO71796,"57634,6342","4610,7707","1440,8659","63686,2708",955,"Touring-1000 Yellow, 50",1,1430.442000
29660,2008-06-01 00:00:00.000,SO71796,"57634,6342","4610,7707","1440,8659","63686,2708",947,HL Touring Handlebars,1,54.942000
29660,2008-06-01 00:00:00.000,SO71796,"57634,6342","4610,7707","1440,8659","63686,2708",899,"LL Touring Frame - Yellow, 44",1,200.052000
29660,2008-06-01 00:00:00.000,SO71796,"57634,6342","4610,7707","1440,8659","63686,2708",900,"LL Touring Frame - Yellow, 50",1,200.052000
29660,2008-06-01 00:00:00.000,SO71796,"57634,6342","4610,7707","1440,8659","63686,2708",892,"HL Touring Frame - Blue, 54",6,3614.076000
29660,2008-06-01 00:00:00.000,SO71796,"57634,6342","4610,7707","1440,8659","63686,2708",893,"HL Touring Frame - Blue, 60",1,602.346000
29660,2008-06-01 00:00:00.000,SO71796,"57634,6342","4610,7707","1440,8659","63686,2708",885,"HL Touring Frame - Yellow, 60",2,1204.692000
29796,2008-06-01 00:00:00.000,SO71797,"78029,6898","6242,3752","1950,7422","86222,8072",711,"Sport-100 Helmet, Blue",4,83.976000
29796,2008-06-01 00:00:00.000,SO71797,"78029,6898","6242,3752","1950,7422","86222,8072",838,"HL Road Frame - Black, 44",2,1717.800000
29796,2008-06-01 00:00:00.000,SO71797,"78029,6898","6242,3752","1950,7422","86222,8072",714,"Long-Sleeve Logo Jersey, M",1,29.994000
29796,2008-06-01 00:00:00.000,SO71797,"78029,6898","6242,3752","1950,7422","86222,8072",940,HL Road Pedal,4,194.376000
29796,2008-06-01 00:00:00.000,SO71797,"78029,6898","6242,3752","1950,7422","86222,8072",883,"Short-Sleeve Classic Jersey, L",16,451.356400
29796,2008-06-01 00:00:00.000,SO71797,"78029,6898","6242,3752","1950,7422","86222,8072",913,HL Road Seat/Saddle,2,63.168000
29796,2008-06-01 00:00:00.000,SO71797,"78029,6898","6242,3752","1950,7422","86222,8072",738,"LL Road Frame - Black, 52",1,202.332000
29796,2008-06-01 00:00:00.000,SO71797,"78029,6898","6242,3752","1950,7422","86222,8072",722,"LL Road Frame - Black, 58",3,606.996000
29796,2008-06-01 00:00:00.000,SO71797,"78029,6898","6242,3752","1950,7422","86222,8072",835,"ML Road Frame-W - Yellow, 44",5,1784.490000
29796,2008-06-01 00:00:00.000,SO71797,"78029,6898","6242,3752","1950,7422","86222,8072",718,"HL Road Frame - Red, 44",1,858.900000
29796,2008-06-01 00:00:00.000,SO71797,"78029,6898","6242,3752","1950,7422","86222,8072",715,"Long-Sleeve Logo Jersey, L",4,119.976000
29796,2008-06-01 00:00:00.000,SO71797,"78029,6898","6242,3752","1950,7422","86222,8072",716,"Long-Sleeve Logo Jersey, XL",5,149.970000
29796,2008-06-01 00:00:00.000,SO71797,"78029,6898","6242,3752","1950,7422","86222,8072",884,"Short-Sleeve Classic Jersey, XL",15,423.146625
29796,2008-06-01 00:00:00.000,SO71797,"78029,6898","6242,3752","1950,7422","86222,8072",875,"Racing Socks, L",3,16.182000
29796,2008-06-01 00:00:00.000,SO71797,"78029,6898","6242,3752","1950,7422","86222,8072",860,"Half-Finger Gloves, L",4,58.776000
29796,2008-06-01 00:00:00.000,SO71797,"78029,6898","6242,3752","1950,7422","86222,8072",712,AWC Logo Cap,6,32.364000
29796,2008-06-01 00:00:00.000,SO71797,"78029,6898","6242,3752","1950,7422","86222,8072",880,Hydration Pack - 70 oz.,10,329.940000
29796,2008-06-01 00:00:00.000,SO71797,"78029,6898","6242,3752","1950,7422","86222,8072",873,Patch Kit/8 Patches,6,8.244000
29796,2008-06-01 00:00:00.000,SO71797,"78029,6898","6242,3752","1950,7422","86222,8072",876,Hitch Rack - 4-Bike,10,720.000000
29796,2008-06-01 00:00:00.000,SO71797,"78029,6898","6242,3752","1950,7422","86222,8072",977,"Road-750 Black, 58",7,2267.958000
29796,2008-06-01 00:00:00.000,SO71797,"78029,6898","6242,3752","1950,7422","86222,8072",798,"Road-550-W Yellow, 40",2,1344.588000
29796,2008-06-01 00:00:00.000,SO71797,"78029,6898","6242,3752","1950,7422","86222,8072",813,HL Road Handlebars,2,144.324000
29796,2008-06-01 00:00:00.000,SO71797,"78029,6898","6242,3752","1950,7422","86222,8072",939,ML Road Pedal,4,149.016000
29796,2008-06-01 00:00:00.000,SO71797,"78029,6898","6242,3752","1950,7422","86222,8072",801,"Road-550-W Yellow, 48",2,1344.588000
29796,2008-06-01 00:00:00.000,SO71797,"78029,6898","6242,3752","1950,7422","86222,8072",998,"Road-750 Black, 48",6,1943.964000
29796,2008-06-01 00:00:00.000,SO71797,"78029,6898","6242,3752","1950,7422","86222,8072",999,"Road-750 Black, 52",4,1295.976000
29796,2008-06-01 00:00:00.000,SO71797,"78029,6898","6242,3752","1950,7422","86222,8072",938,LL Road Pedal,3,72.882000
29796,2008-06-01 00:00:00.000,SO71797,"78029,6898","6242,3752","1950,7422","86222,8072",794,"Road-250 Black, 48",5,7330.050000
29796,2008-06-01 00:00:00.000,SO71797,"78029,6898","6242,3752","1950,7422","86222,8072",795,"Road-250 Black, 52",2,2932.020000
29796,2008-06-01 00:00:00.000,SO71797,"78029,6898","6242,3752","1950,7422","86222,8072",797,"Road-550-W Yellow, 38",10,6722.940000
29796,2008-06-01 00:00:00.000,SO71797,"78029,6898","6242,3752","1950,7422","86222,8072",881,"Short-Sleeve Classic Jersey, S",8,259.152000
29796,2008-06-01 00:00:00.000,SO71797,"78029,6898","6242,3752","1950,7422","86222,8072",865,"Classic Vest, M",1,38.100000
29796,2008-06-01 00:00:00.000,SO71797,"78029,6898","6242,3752","1950,7422","86222,8072",864,"Classic Vest, S",23,763.111250
29796,2008-06-01 00:00:00.000,SO71797,"78029,6898","6242,3752","1950,7422","86222,8072",976,"Road-350-W Yellow, 48",9,9185.346000
29796,2008-06-01 00:00:00.000,SO71797,"78029,6898","6242,3752","1950,7422","86222,8072",877,Bike Wash - Dissolver,17,70.615875
29796,2008-06-01 00:00:00.000,SO71797,"78029,6898","6242,3752","1950,7422","86222,8072",793,"Road-250 Black, 44",6,8796.060000
29796,2008-06-01 00:00:00.000,SO71797,"78029,6898","6242,3752","1950,7422","86222,8072",974,"Road-350-W Yellow, 42",3,3061.782000
29796,2008-06-01 00:00:00.000,SO71797,"78029,6898","6242,3752","1950,7422","86222,8072",707,"Sport-100 Helmet, Red",6,125.964000
29796,2008-06-01 00:00:00.000,SO71797,"78029,6898","6242,3752","1950,7422","86222,8072",859,"Half-Finger Gloves, M",9,132.246000
29796,2008-06-01 00:00:00.000,SO71797,"78029,6898","6242,3752","1950,7422","86222,8072",973,"Road-350-W Yellow, 40",5,5102.970000
29796,2008-06-01 00:00:00.000,SO71797,"78029,6898","6242,3752","1950,7422","86222,8072",870,Water Bottle - 30 oz.,11,31.199476
29796,2008-06-01 00:00:00.000,SO71797,"78029,6898","6242,3752","1950,7422","86222,8072",717,"HL Road Frame - Red, 62",2,1717.800000
29796,2008-06-01 00:00:00.000,SO71797,"78029,6898","6242,3752","1950,7422","86222,8072",858,"Half-Finger Gloves, S",4,58.776000
29796,2008-06-01 00:00:00.000,SO71797,"78029,6898","6242,3752","1950,7422","86222,8072",836,"ML Road Frame-W - Yellow, 48",4,1427.592000
29796,2008-06-01 00:00:00.000,SO71797,"78029,6898","6242,3752","1950,7422","86222,8072",708,"Sport-100 Helmet, Black",12,238.659792
29796,2008-06-01 00:00:00.000,SO71797,"78029,6898","6242,3752","1950,7422","86222,8072",822,"ML Road Frame-W - Yellow, 38",2,713.796000
30089,2008-06-01 00:00:00.000,SO71815,"1141,5782","91,3263","28,5395","1261,444",738,"LL Road Frame - Black, 52",1,202.332000
30089,2008-06-01 00:00:00.000,SO71815,"1141,5782","91,3263","28,5395","1261,444",835,"ML Road Frame-W - Yellow, 44",2,713.796000
30089,2008-06-01 00:00:00.000,SO71815,"1141,5782","91,3263","28,5395","1261,444",874,"Racing Socks, M",2,10.788000
30027,2008-06-01 00:00:00.000,SO71816,"3398,1659","271,8533","84,9541","3754,9733",953,"Touring-2000 Blue, 60",1,728.910000
30027,2008-06-01 00:00:00.000,SO71816,"3398,1659","271,8533","84,9541","3754,9733",954,"Touring-1000 Yellow, 46",1,1430.442000
30027,2008-06-01 00:00:00.000,SO71816,"3398,1659","271,8533","84,9541","3754,9733",715,"Long-Sleeve Logo Jersey, L",2,59.988000
30027,2008-06-01 00:00:00.000,SO71816,"3398,1659","271,8533","84,9541","3754,9733",712,AWC Logo Cap,4,21.576000
30027,2008-06-01 00:00:00.000,SO71816,"3398,1659","271,8533","84,9541","3754,9733",883,"Short-Sleeve Classic Jersey, L",3,97.182000
30027,2008-06-01 00:00:00.000,SO71816,"3398,1659","271,8533","84,9541","3754,9733",961,"Touring-3000 Yellow, 44",1,445.410000
30027,2008-06-01 00:00:00.000,SO71816,"3398,1659","271,8533","84,9541","3754,9733",948,Front Brakes,1,63.900000
30019,2008-06-01 00:00:00.000,SO71831,"2016,3408","161,3073","50,4085","2228,0566",869,"Women's Mountain Shorts, L",2,83.988000
30019,2008-06-01 00:00:00.000,SO71831,"2016,3408","161,3073","50,4085","2228,0566",782,"Mountain-200 Black, 38",1,1376.994000
30019,2008-06-01 00:00:00.000,SO71831,"2016,3408","161,3073","50,4085","2228,0566",867,"Women's Mountain Shorts, S",6,251.964000
29922,2008-06-01 00:00:00.000,SO71832,"35775,2113","2862,0169","894,3803","39531,6085",918,"LL Mountain Frame - Silver, 44",4,633.720000
29922,2008-06-01 00:00:00.000,SO71832,"35775,2113","2862,0169","894,3803","39531,6085",983,"Mountain-400-W Silver, 46",3,1385.082000
29922,2008-06-01 00:00:00.000,SO71832,"35775,2113","2862,0169","894,3803","39531,6085",781,"Mountain-200 Silver, 46",2,2783.988000
29922,2008-06-01 00:00:00.000,SO71832,"35775,2113","2862,0169","894,3803","39531,6085",868,"Women's Mountain Shorts, M",1,41.994000
29922,2008-06-01 00:00:00.000,SO71832,"35775,2113","2862,0169","894,3803","39531,6085",810,HL Mountain Handlebars,1,72.162000
29922,2008-06-01 00:00:00.000,SO71832,"35775,2113","2862,0169","894,3803","39531,6085",980,"Mountain-400-W Silver, 38",1,461.694000
29922,2008-06-01 00:00:00.000,SO71832,"35775,2113","2862,0169","894,3803","39531,6085",925,"LL Mountain Frame - Black, 44",2,299.748000
29922,2008-06-01 00:00:00.000,SO71832,"35775,2113","2862,0169","894,3803","39531,6085",985,"Mountain-500 Silver, 42",2,135.597600
29922,2008-06-01 00:00:00.000,SO71832,"35775,2113","2862,0169","894,3803","39531,6085",908,LL Mountain Seat/Saddle,1,16.272000
29922,2008-06-01 00:00:00.000,SO71832,"35775,2113","2862,0169","894,3803","39531,6085",867,"Women's Mountain Shorts, S",13,517.170108
29922,2008-06-01 00:00:00.000,SO71832,"35775,2113","2862,0169","894,3803","39531,6085",782,"Mountain-200 Black, 38",3,4130.982000
29922,2008-06-01 00:00:00.000,SO71832,"35775,2113","2862,0169","894,3803","39531,6085",937,HL Mountain Pedal,1,48.594000
29922,2008-06-01 00:00:00.000,SO71832,"35775,2113","2862,0169","894,3803","39531,6085",936,ML Mountain Pedal,1,37.254000
29922,2008-06-01 00:00:00.000,SO71832,"35775,2113","2862,0169","894,3803","39531,6085",743,"HL Mountain Frame - Black, 42",4,3239.040000
29922,2008-06-01 00:00:00.000,SO71832,"35775,2113","2862,0169","894,3803","39531,6085",904,"ML Mountain Frame-W - Silver, 40",5,1092.270000
29922,2008-06-01 00:00:00.000,SO71832,"35775,2113","2862,0169","894,3803","39531,6085",748,"HL Mountain Frame - Silver, 38",1,818.700000
29922,2008-06-01 00:00:00.000,SO71832,"35775,2113","2862,0169","894,3803","39531,6085",910,HL Mountain Seat/Saddle,1,31.584000
29922,2008-06-01 00:00:00.000,SO71832,"35775,2113","2862,0169","894,3803","39531,6085",784,"Mountain-200 Black, 46",5,6884.970000
29922,2008-06-01 00:00:00.000,SO71832,"35775,2113","2862,0169","894,3803","39531,6085",990,"Mountain-500 Black, 42",2,647.988000
29922,2008-06-01 00:00:00.000,SO71832,"35775,2113","2862,0169","894,3803","39531,6085",992,"Mountain-500 Black, 48",3,971.982000
29922,2008-06-01 00:00:00.000,SO71832,"35775,2113","2862,0169","894,3803","39531,6085",984,"Mountain-500 Silver, 40",3,203.396400
29922,2008-06-01 00:00:00.000,SO71832,"35775,2113","2862,0169","894,3803","39531,6085",779,"Mountain-200 Silver, 38",1,1391.994000
29922,2008-06-01 00:00:00.000,SO71832,"35775,2113","2862,0169","894,3803","39531,6085",780,"Mountain-200 Silver, 42",1,1391.994000
29922,2008-06-01 00:00:00.000,SO71832,"35775,2113","2862,0169","894,3803","39531,6085",944,"LL Mountain Frame - Silver, 40",2,316.860000
29922,2008-06-01 00:00:00.000,SO71832,"35775,2113","2862,0169","894,3803","39531,6085",808,LL Mountain Handlebars,1,26.724000
29922,2008-06-01 00:00:00.000,SO71832,"35775,2113","2862,0169","894,3803","39531,6085",809,ML Mountain Handlebars,1,37.152000
29922,2008-06-01 00:00:00.000,SO71832,"35775,2113","2862,0169","894,3803","39531,6085",935,LL Mountain Pedal,3,72.882000
29922,2008-06-01 00:00:00.000,SO71832,"35775,2113","2862,0169","894,3803","39531,6085",926,"LL Mountain Frame - Black, 48",1,149.874000
29922,2008-06-01 00:00:00.000,SO71832,"35775,2113","2862,0169","894,3803","39531,6085",917,"LL Mountain Frame - Silver, 42",6,950.580000
29922,2008-06-01 00:00:00.000,SO71832,"35775,2113","2862,0169","894,3803","39531,6085",920,"LL Mountain Frame - Silver, 52",1,158.430000
29938,2008-06-01 00:00:00.000,SO71845,"41622,0511","3329,7641","1040,5513","45992,3665",988,"Mountain-500 Silver, 52",2,135.597600
29938,2008-06-01 00:00:00.000,SO71845,"41622,0511","3329,7641","1040,5513","45992,3665",948,Front Brakes,2,127.800000
29938,2008-06-01 00:00:00.000,SO71845,"41622,0511","3329,7641","1040,5513","45992,3665",904,"ML Mountain Frame-W - Silver, 40",4,873.816000
29938,2008-06-01 00:00:00.000,SO71845,"41622,0511","3329,7641","1040,5513","45992,3665",742,"HL Mountain Frame - Silver, 46",3,2456.100000
29938,2008-06-01 00:00:00.000,SO71845,"41622,0511","3329,7641","1040,5513","45992,3665",780,"Mountain-200 Silver, 42",2,2783.988000
29938,2008-06-01 00:00:00.000,SO71845,"41622,0511","3329,7641","1040,5513","45992,3665",945,Front Derailleur,1,54.894000
29938,2008-06-01 00:00:00.000,SO71845,"41622,0511","3329,7641","1040,5513","45992,3665",949,LL Crankset,3,315.882000
29938,2008-06-01 00:00:00.000,SO71845,"41622,0511","3329,7641","1040,5513","45992,3665",937,HL Mountain Pedal,2,97.188000
29938,2008-06-01 00:00:00.000,SO71845,"41622,0511","3329,7641","1040,5513","45992,3665",867,"Women's Mountain Shorts, S",2,83.988000
29938,2008-06-01 00:00:00.000,SO71845,"41622,0511","3329,7641","1040,5513","45992,3665",748,"HL Mountain Frame - Silver, 38",1,818.700000
29938,2008-06-01 00:00:00.000,SO71845,"41622,0511","3329,7641","1040,5513","45992,3665",905,"ML Mountain Frame-W - Silver, 42",2,436.908000
29938,2008-06-01 00:00:00.000,SO71845,"41622,0511","3329,7641","1040,5513","45992,3665",781,"Mountain-200 Silver, 46",2,2783.988000
29938,2008-06-01 00:00:00.000,SO71845,"41622,0511","3329,7641","1040,5513","45992,3665",869,"Women's Mountain Shorts, L",3,125.982000
29938,2008-06-01 00:00:00.000,SO71845,"41622,0511","3329,7641","1040,5513","45992,3665",783,"Mountain-200 Black, 42",5,6884.970000
29938,2008-06-01 00:00:00.000,SO71845,"41622,0511","3329,7641","1040,5513","45992,3665",784,"Mountain-200 Black, 46",2,2753.988000
29938,2008-06-01 00:00:00.000,SO71845,"41622,0511","3329,7641","1040,5513","45992,3665",951,HL Crankset,1,242.994000
29938,2008-06-01 00:00:00.000,SO71845,"41622,0511","3329,7641","1040,5513","45992,3665",747,"HL Mountain Frame - Black, 38",3,2429.280000
29938,2008-06-01 00:00:00.000,SO71845,"41622,0511","3329,7641","1040,5513","45992,3665",809,ML Mountain Handlebars,1,37.152000
29938,2008-06-01 00:00:00.000,SO71845,"41622,0511","3329,7641","1040,5513","45992,3665",920,"LL Mountain Frame - Silver, 52",2,316.860000
29938,2008-06-01 00:00:00.000,SO71845,"41622,0511","3329,7641","1040,5513","45992,3665",743,"HL Mountain Frame - Black, 42",2,1619.520000
29938,2008-06-01 00:00:00.000,SO71845,"41622,0511","3329,7641","1040,5513","45992,3665",715,"Long-Sleeve Logo Jersey, L",2,59.988000
29938,2008-06-01 00:00:00.000,SO71845,"41622,0511","3329,7641","1040,5513","45992,3665",944,"LL Mountain Frame - Silver, 40",2,316.860000
29938,2008-06-01 00:00:00.000,SO71845,"41622,0511","3329,7641","1040,5513","45992,3665",808,LL Mountain Handlebars,1,26.724000
29938,2008-06-01 00:00:00.000,SO71845,"41622,0511","3329,7641","1040,5513","45992,3665",909,ML Mountain Seat/Saddle,8,187.872000
29938,2008-06-01 00:00:00.000,SO71845,"41622,0511","3329,7641","1040,5513","45992,3665",925,"LL Mountain Frame - Black, 44",2,299.748000
29938,2008-06-01 00:00:00.000,SO71845,"41622,0511","3329,7641","1040,5513","45992,3665",782,"Mountain-200 Black, 38",2,2753.988000
29938,2008-06-01 00:00:00.000,SO71845,"41622,0511","3329,7641","1040,5513","45992,3665",910,HL Mountain Seat/Saddle,2,63.168000
29938,2008-06-01 00:00:00.000,SO71845,"41622,0511","3329,7641","1040,5513","45992,3665",996,HL Bottom Bracket,3,218.682000
29938,2008-06-01 00:00:00.000,SO71845,"41622,0511","3329,7641","1040,5513","45992,3665",779,"Mountain-200 Silver, 38",3,4175.982000
29938,2008-06-01 00:00:00.000,SO71845,"41622,0511","3329,7641","1040,5513","45992,3665",924,"LL Mountain Frame - Black, 42",4,599.496000
29938,2008-06-01 00:00:00.000,SO71845,"41622,0511","3329,7641","1040,5513","45992,3665",952,Chain,3,36.432000
30102,2008-06-01 00:00:00.000,SO71846,"2453,7645","196,3012","61,3441","2711,4098",936,ML Mountain Pedal,2,74.508000
30102,2008-06-01 00:00:00.000,SO71846,"2453,7645","196,3012","61,3441","2711,4098",739,"HL Mountain Frame - Silver, 42",1,818.700000
30102,2008-06-01 00:00:00.000,SO71846,"2453,7645","196,3012","61,3441","2711,4098",984,"Mountain-500 Silver, 40",1,67.798800
30102,2008-06-01 00:00:00.000,SO71846,"2453,7645","196,3012","61,3441","2711,4098",981,"Mountain-400-W Silver, 40",2,923.388000
30033,2008-06-01 00:00:00.000,SO71856,"602,1946","48,1756","15,0549","665,4251",962,"Touring-3000 Yellow, 50",1,445.410000
30033,2008-06-01 00:00:00.000,SO71856,"602,1946","48,1756","15,0549","665,4251",945,Front Derailleur,1,54.894000
29653,2008-06-01 00:00:00.000,SO71858,"13823,7083","1105,8967","345,5927","15275,1977",979,"Touring-3000 Blue, 50",3,1336.230000
29653,2008-06-01 00:00:00.000,SO71858,"13823,7083","1105,8967","345,5927","15275,1977",962,"Touring-3000 Yellow, 50",1,445.410000
29653,2008-06-01 00:00:00.000,SO71858,"13823,7083","1105,8967","345,5927","15275,1977",953,"Touring-2000 Blue, 60",1,728.910000
29653,2008-06-01 00:00:00.000,SO71858,"13823,7083","1105,8967","345,5927","15275,1977",715,"Long-Sleeve Logo Jersey, L",2,59.988000
29653,2008-06-01 00:00:00.000,SO71858,"13823,7083","1105,8967","345,5927","15275,1977",883,"Short-Sleeve Classic Jersey, L",2,64.788000
29653,2008-06-01 00:00:00.000,SO71858,"13823,7083","1105,8967","345,5927","15275,1977",957,"Touring-1000 Yellow, 60",1,1430.442000
29653,2008-06-01 00:00:00.000,SO71858,"13823,7083","1105,8967","345,5927","15275,1977",965,"Touring-3000 Yellow, 62",2,890.820000
29653,2008-06-01 00:00:00.000,SO71858,"13823,7083","1105,8967","345,5927","15275,1977",952,Chain,1,12.144000
29653,2008-06-01 00:00:00.000,SO71858,"13823,7083","1105,8967","345,5927","15275,1977",948,Front Brakes,2,127.800000
29653,2008-06-01 00:00:00.000,SO71858,"13823,7083","1105,8967","345,5927","15275,1977",945,Front Derailleur,1,54.894000
29653,2008-06-01 00:00:00.000,SO71858,"13823,7083","1105,8967","345,5927","15275,1977",972,"Touring-2000 Blue, 54",1,728.910000
29653,2008-06-01 00:00:00.000,SO71858,"13823,7083","1105,8967","345,5927","15275,1977",877,Bike Wash - Dissolver,1,4.770000
29653,2008-06-01 00:00:00.000,SO71858,"13823,7083","1105,8967","345,5927","15275,1977",958,"Touring-3000 Blue, 54",1,445.410000
29653,2008-06-01 00:00:00.000,SO71858,"13823,7083","1105,8967","345,5927","15275,1977",969,"Touring-1000 Blue, 60",1,1430.442000
29653,2008-06-01 00:00:00.000,SO71858,"13823,7083","1105,8967","345,5927","15275,1977",961,"Touring-3000 Yellow, 44",2,890.820000
29653,2008-06-01 00:00:00.000,SO71858,"13823,7083","1105,8967","345,5927","15275,1977",966,"Touring-1000 Blue, 46",2,2860.884000
29653,2008-06-01 00:00:00.000,SO71858,"13823,7083","1105,8967","345,5927","15275,1977",712,AWC Logo Cap,3,16.182000
29975,2008-06-01 00:00:00.000,SO71863,"3324,2759","265,9421","83,1069","3673,3249",875,"Racing Socks, L",11,56.209076
29975,2008-06-01 00:00:00.000,SO71863,"3324,2759","265,9421","83,1069","3673,3249",874,"Racing Socks, M",2,10.788000
29975,2008-06-01 00:00:00.000,SO71863,"3324,2759","265,9421","83,1069","3673,3249",998,"Road-750 Black, 48",2,647.988000
29975,2008-06-01 00:00:00.000,SO71863,"3324,2759","265,9421","83,1069","3673,3249",973,"Road-350-W Yellow, 40",1,1020.594000
29975,2008-06-01 00:00:00.000,SO71863,"3324,2759","265,9421","83,1069","3673,3249",711,"Sport-100 Helmet, Blue",1,20.994000
29975,2008-06-01 00:00:00.000,SO71863,"3324,2759","265,9421","83,1069","3673,3249",999,"Road-750 Black, 52",3,971.982000
29975,2008-06-01 00:00:00.000,SO71863,"3324,2759","265,9421","83,1069","3673,3249",938,LL Road Pedal,2,48.588000
29644,2008-06-01 00:00:00.000,SO71867,"1059,31","84,7448","26,4828","1170,5376",717,"HL Road Frame - Red, 62",1,858.900000
29612,2008-06-01 00:00:00.000,SO71885,"550,386","44,0309","13,7597","608,1766",876,Hitch Rack - 4-Bike,3,216.000000
29612,2008-06-01 00:00:00.000,SO71885,"550,386","44,0309","13,7597","608,1766",884,"Short-Sleeve Classic Jersey, XL",6,194.364000
29612,2008-06-01 00:00:00.000,SO71885,"550,386","44,0309","13,7597","608,1766",864,"Classic Vest, S",3,114.300000
29584,2008-06-01 00:00:00.000,SO71895,"246,7392","19,7391","6,1685","272,6468",909,ML Mountain Seat/Saddle,2,46.968000
29584,2008-06-01 00:00:00.000,SO71895,"246,7392","19,7391","6,1685","272,6468",715,"Long-Sleeve Logo Jersey, L",2,59.988000
29584,2008-06-01 00:00:00.000,SO71895,"246,7392","19,7391","6,1685","272,6468",864,"Classic Vest, S",3,114.300000
29877,2008-06-01 00:00:00.000,SO71897,"12685,8899","1014,8712","317,1472","14017,9083",966,"Touring-1000 Blue, 46",1,1430.442000
29877,2008-06-01 00:00:00.000,SO71897,"12685,8899","1014,8712","317,1472","14017,9083",979,"Touring-3000 Blue, 50",4,1781.640000
29877,2008-06-01 00:00:00.000,SO71897,"12685,8899","1014,8712","317,1472","14017,9083",969,"Touring-1000 Blue, 60",3,4291.326000
29877,2008-06-01 00:00:00.000,SO71897,"12685,8899","1014,8712","317,1472","14017,9083",884,"Short-Sleeve Classic Jersey, XL",3,97.182000
29877,2008-06-01 00:00:00.000,SO71897,"12685,8899","1014,8712","317,1472","14017,9083",712,AWC Logo Cap,4,21.576000
29877,2008-06-01 00:00:00.000,SO71897,"12685,8899","1014,8712","317,1472","14017,9083",954,"Touring-1000 Yellow, 46",2,2860.884000
29877,2008-06-01 00:00:00.000,SO71897,"12685,8899","1014,8712","317,1472","14017,9083",864,"Classic Vest, S",1,38.100000
29877,2008-06-01 00:00:00.000,SO71897,"12685,8899","1014,8712","317,1472","14017,9083",948,Front Brakes,1,63.900000
29932,2008-06-01 00:00:00.000,SO71898,"63980,9884","5118,4791","1599,5247","70698,9922",969,"Touring-1000 Blue, 60",3,4291.326000
29932,2008-06-01 00:00:00.000,SO71898,"63980,9884","5118,4791","1599,5247","70698,9922",978,"Touring-3000 Blue, 44",4,1781.640000
29932,2008-06-01 00:00:00.000,SO71898,"63980,9884","5118,4791","1599,5247","70698,9922",996,HL Bottom Bracket,4,291.576000
29932,2008-06-01 00:00:00.000,SO71898,"63980,9884","5118,4791","1599,5247","70698,9922",967,"Touring-1000 Blue, 50",6,8582.652000
29932,2008-06-01 00:00:00.000,SO71898,"63980,9884","5118,4791","1599,5247","70698,9922",970,"Touring-2000 Blue, 46",3,2186.730000
29932,2008-06-01 00:00:00.000,SO71898,"63980,9884","5118,4791","1599,5247","70698,9922",956,"Touring-1000 Yellow, 54",1,1430.442000
29932,2008-06-01 00:00:00.000,SO71898,"63980,9884","5118,4791","1599,5247","70698,9922",960,"Touring-3000 Blue, 62",3,1336.230000
29932,2008-06-01 00:00:00.000,SO71898,"63980,9884","5118,4791","1599,5247","70698,9922",994,LL Bottom Bracket,3,97.182000
29932,2008-06-01 00:00:00.000,SO71898,"63980,9884","5118,4791","1599,5247","70698,9922",959,"Touring-3000 Blue, 58",1,445.410000
29932,2008-06-01 00:00:00.000,SO71898,"63980,9884","5118,4791","1599,5247","70698,9922",968,"Touring-1000 Blue, 54",4,5721.768000
29932,2008-06-01 00:00:00.000,SO71898,"63980,9884","5118,4791","1599,5247","70698,9922",966,"Touring-1000 Blue, 46",3,4291.326000
29932,2008-06-01 00:00:00.000,SO71898,"63980,9884","5118,4791","1599,5247","70698,9922",972,"Touring-2000 Blue, 54",5,3644.550000
29932,2008-06-01 00:00:00.000,SO71898,"63980,9884","5118,4791","1599,5247","70698,9922",949,LL Crankset,4,421.176000
29932,2008-06-01 00:00:00.000,SO71898,"63980,9884","5118,4791","1599,5247","70698,9922",958,"Touring-3000 Blue, 54",1,445.410000
29932,2008-06-01 00:00:00.000,SO71898,"63980,9884","5118,4791","1599,5247","70698,9922",945,Front Derailleur,3,164.682000
29932,2008-06-01 00:00:00.000,SO71898,"63980,9884","5118,4791","1599,5247","70698,9922",971,"Touring-2000 Blue, 50",5,3644.550000
29932,2008-06-01 00:00:00.000,SO71898,"63980,9884","5118,4791","1599,5247","70698,9922",953,"Touring-2000 Blue, 60",2,1457.820000
29932,2008-06-01 00:00:00.000,SO71898,"63980,9884","5118,4791","1599,5247","70698,9922",889,"HL Touring Frame - Yellow, 54",1,602.346000
29932,2008-06-01 00:00:00.000,SO71898,"63980,9884","5118,4791","1599,5247","70698,9922",955,"Touring-1000 Yellow, 50",1,1430.442000
29932,2008-06-01 00:00:00.000,SO71898,"63980,9884","5118,4791","1599,5247","70698,9922",964,"Touring-3000 Yellow, 58",3,1336.230000
29932,2008-06-01 00:00:00.000,SO71898,"63980,9884","5118,4791","1599,5247","70698,9922",916,HL Touring Seat/Saddle,3,94.752000
29932,2008-06-01 00:00:00.000,SO71898,"63980,9884","5118,4791","1599,5247","70698,9922",948,Front Brakes,1,63.900000
29932,2008-06-01 00:00:00.000,SO71898,"63980,9884","5118,4791","1599,5247","70698,9922",979,"Touring-3000 Blue, 50",3,1336.230000
29932,2008-06-01 00:00:00.000,SO71898,"63980,9884","5118,4791","1599,5247","70698,9922",951,HL Crankset,3,728.982000
29932,2008-06-01 00:00:00.000,SO71898,"63980,9884","5118,4791","1599,5247","70698,9922",954,"Touring-1000 Yellow, 46",3,4291.326000
29932,2008-06-01 00:00:00.000,SO71898,"63980,9884","5118,4791","1599,5247","70698,9922",952,Chain,1,12.144000
29932,2008-06-01 00:00:00.000,SO71898,"63980,9884","5118,4791","1599,5247","70698,9922",965,"Touring-3000 Yellow, 62",5,2227.050000
29932,2008-06-01 00:00:00.000,SO71898,"63980,9884","5118,4791","1599,5247","70698,9922",961,"Touring-3000 Yellow, 44",2,890.820000
29568,2008-06-01 00:00:00.000,SO71899,"2415,6727","193,2538","60,3918","2669,3183",881,"Short-Sleeve Classic Jersey, S",2,64.788000
29568,2008-06-01 00:00:00.000,SO71899,"2415,6727","193,2538","60,3918","2669,3183",988,"Mountain-500 Silver, 52",1,67.798800
29568,2008-06-01 00:00:00.000,SO71899,"2415,6727","193,2538","60,3918","2669,3183",981,"Mountain-400-W Silver, 40",1,461.694000
29568,2008-06-01 00:00:00.000,SO71899,"2415,6727","193,2538","60,3918","2669,3183",743,"HL Mountain Frame - Black, 42",1,809.760000
29568,2008-06-01 00:00:00.000,SO71899,"2415,6727","193,2538","60,3918","2669,3183",808,LL Mountain Handlebars,1,26.724000
29568,2008-06-01 00:00:00.000,SO71899,"2415,6727","193,2538","60,3918","2669,3183",714,"Long-Sleeve Logo Jersey, M",2,59.988000
29568,2008-06-01 00:00:00.000,SO71899,"2415,6727","193,2538","60,3918","2669,3183",944,"LL Mountain Frame - Silver, 40",2,316.860000
29568,2008-06-01 00:00:00.000,SO71899,"2415,6727","193,2538","60,3918","2669,3183",937,HL Mountain Pedal,1,48.594000
29929,2008-06-01 00:00:00.000,SO71902,"74058,8078","5924,7046","1851,4702","81834,9826",780,"Mountain-200 Silver, 42",5,6959.970000
29929,2008-06-01 00:00:00.000,SO71902,"74058,8078","5924,7046","1851,4702","81834,9826",981,"Mountain-400-W Silver, 40",2,923.388000
29929,2008-06-01 00:00:00.000,SO71902,"74058,8078","5924,7046","1851,4702","81834,9826",904,"ML Mountain Frame-W - Silver, 40",1,218.454000
29929,2008-06-01 00:00:00.000,SO71902,"74058,8078","5924,7046","1851,4702","81834,9826",987,"Mountain-500 Silver, 48",1,67.798800
29929,2008-06-01 00:00:00.000,SO71902,"74058,8078","5924,7046","1851,4702","81834,9826",783,"Mountain-200 Black, 42",7,9638.958000
29929,2008-06-01 00:00:00.000,SO71902,"74058,8078","5924,7046","1851,4702","81834,9826",781,"Mountain-200 Silver, 46",5,6959.970000
29929,2008-06-01 00:00:00.000,SO71902,"74058,8078","5924,7046","1851,4702","81834,9826",859,"Half-Finger Gloves, M",2,29.388000
29929,2008-06-01 00:00:00.000,SO71902,"74058,8078","5924,7046","1851,4702","81834,9826",869,"Women's Mountain Shorts, L",7,293.958000
29929,2008-06-01 00:00:00.000,SO71902,"74058,8078","5924,7046","1851,4702","81834,9826",908,LL Mountain Seat/Saddle,2,32.544000
29929,2008-06-01 00:00:00.000,SO71902,"74058,8078","5924,7046","1851,4702","81834,9826",712,AWC Logo Cap,3,16.182000
29929,2008-06-01 00:00:00.000,SO71902,"74058,8078","5924,7046","1851,4702","81834,9826",925,"LL Mountain Frame - Black, 44",1,149.874000
29929,2008-06-01 00:00:00.000,SO71902,"74058,8078","5924,7046","1851,4702","81834,9826",937,HL Mountain Pedal,2,97.188000
29929,2008-06-01 00:00:00.000,SO71902,"74058,8078","5924,7046","1851,4702","81834,9826",992,"Mountain-500 Black, 48",3,971.982000
29929,2008-06-01 00:00:00.000,SO71902,"74058,8078","5924,7046","1851,4702","81834,9826",980,"Mountain-400-W Silver, 38",3,1385.082000
29929,2008-06-01 00:00:00.000,SO71902,"74058,8078","5924,7046","1851,4702","81834,9826",715,"Long-Sleeve Logo Jersey, L",3,89.982000
29929,2008-06-01 00:00:00.000,SO71902,"74058,8078","5924,7046","1851,4702","81834,9826",935,LL Mountain Pedal,4,97.176000
29929,2008-06-01 00:00:00.000,SO71902,"74058,8078","5924,7046","1851,4702","81834,9826",989,"Mountain-500 Black, 40",1,323.994000
29929,2008-06-01 00:00:00.000,SO71902,"74058,8078","5924,7046","1851,4702","81834,9826",984,"Mountain-500 Silver, 40",4,271.195200
29929,2008-06-01 00:00:00.000,SO71902,"74058,8078","5924,7046","1851,4702","81834,9826",982,"Mountain-400-W Silver, 42",2,923.388000
29929,2008-06-01 00:00:00.000,SO71902,"74058,8078","5924,7046","1851,4702","81834,9826",782,"Mountain-200 Black, 38",8,11015.952000
29929,2008-06-01 00:00:00.000,SO71902,"74058,8078","5924,7046","1851,4702","81834,9826",784,"Mountain-200 Black, 46",2,2753.988000
29929,2008-06-01 00:00:00.000,SO71902,"74058,8078","5924,7046","1851,4702","81834,9826",810,HL Mountain Handlebars,1,72.162000
29929,2008-06-01 00:00:00.000,SO71902,"74058,8078","5924,7046","1851,4702","81834,9826",926,"LL Mountain Frame - Black, 48",1,149.874000
29929,2008-06-01 00:00:00.000,SO71902,"74058,8078","5924,7046","1851,4702","81834,9826",714,"Long-Sleeve Logo Jersey, M",3,89.982000
29929,2008-06-01 00:00:00.000,SO71902,"74058,8078","5924,7046","1851,4702","81834,9826",870,Water Bottle - 30 oz.,7,20.958000
29929,2008-06-01 00:00:00.000,SO71902,"74058,8078","5924,7046","1851,4702","81834,9826",876,Hitch Rack - 4-Bike,4,288.000000
29929,2008-06-01 00:00:00.000,SO71902,"74058,8078","5924,7046","1851,4702","81834,9826",877,Bike Wash - Dissolver,5,23.850000
29929,2008-06-01 00:00:00.000,SO71902,"74058,8078","5924,7046","1851,4702","81834,9826",707,"Sport-100 Helmet, Red",2,41.988000
29929,2008-06-01 00:00:00.000,SO71902,"74058,8078","5924,7046","1851,4702","81834,9826",993,"Mountain-500 Black, 52",1,323.994000
29929,2008-06-01 00:00:00.000,SO71902,"74058,8078","5924,7046","1851,4702","81834,9826",864,"Classic Vest, S",6,228.600000
29929,2008-06-01 00:00:00.000,SO71902,"74058,8078","5924,7046","1851,4702","81834,9826",867,"Women's Mountain Shorts, S",7,293.958000
29929,2008-06-01 00:00:00.000,SO71902,"74058,8078","5924,7046","1851,4702","81834,9826",809,ML Mountain Handlebars,2,74.304000
29929,2008-06-01 00:00:00.000,SO71902,"74058,8078","5924,7046","1851,4702","81834,9826",988,"Mountain-500 Silver, 52",3,203.396400
29929,2008-06-01 00:00:00.000,SO71902,"74058,8078","5924,7046","1851,4702","81834,9826",880,Hydration Pack - 70 oz.,5,164.970000
29929,2008-06-01 00:00:00.000,SO71902,"74058,8078","5924,7046","1851,4702","81834,9826",936,ML Mountain Pedal,1,37.254000
29929,2008-06-01 00:00:00.000,SO71902,"74058,8078","5924,7046","1851,4702","81834,9826",708,"Sport-100 Helmet, Black",4,83.976000
29929,2008-06-01 00:00:00.000,SO71902,"74058,8078","5924,7046","1851,4702","81834,9826",779,"Mountain-200 Silver, 38",3,4175.982000
29929,2008-06-01 00:00:00.000,SO71902,"74058,8078","5924,7046","1851,4702","81834,9826",991,"Mountain-500 Black, 44",2,647.988000
29929,2008-06-01 00:00:00.000,SO71902,"74058,8078","5924,7046","1851,4702","81834,9826",883,"Short-Sleeve Classic Jersey, L",5,161.970000
29929,2008-06-01 00:00:00.000,SO71902,"74058,8078","5924,7046","1851,4702","81834,9826",910,HL Mountain Seat/Saddle,1,31.584000
29929,2008-06-01 00:00:00.000,SO71902,"74058,8078","5924,7046","1851,4702","81834,9826",881,"Short-Sleeve Classic Jersey, S",2,64.788000
29929,2008-06-01 00:00:00.000,SO71902,"74058,8078","5924,7046","1851,4702","81834,9826",985,"Mountain-500 Silver, 42",5,338.994000
29929,2008-06-01 00:00:00.000,SO71902,"74058,8078","5924,7046","1851,4702","81834,9826",711,"Sport-100 Helmet, Blue",7,146.958000
29929,2008-06-01 00:00:00.000,SO71902,"74058,8078","5924,7046","1851,4702","81834,9826",986,"Mountain-500 Silver, 44",1,67.798800
29929,2008-06-01 00:00:00.000,SO71902,"74058,8078","5924,7046","1851,4702","81834,9826",748,"HL Mountain Frame - Silver, 38",7,5730.900000
29929,2008-06-01 00:00:00.000,SO71902,"74058,8078","5924,7046","1851,4702","81834,9826",884,"Short-Sleeve Classic Jersey, XL",5,161.970000
29929,2008-06-01 00:00:00.000,SO71902,"74058,8078","5924,7046","1851,4702","81834,9826",918,"LL Mountain Frame - Silver, 44",2,316.860000
29929,2008-06-01 00:00:00.000,SO71902,"74058,8078","5924,7046","1851,4702","81834,9826",905,"ML Mountain Frame-W - Silver, 42",3,655.362000
29929,2008-06-01 00:00:00.000,SO71902,"74058,8078","5924,7046","1851,4702","81834,9826",983,"Mountain-400-W Silver, 46",4,1846.776000
29929,2008-06-01 00:00:00.000,SO71902,"74058,8078","5924,7046","1851,4702","81834,9826",865,"Classic Vest, M",6,228.600000
29638,2008-06-01 00:00:00.000,SO71915,"2137,231","170,9785","53,4308","2361,6403",836,"ML Road Frame-W - Yellow, 48",3,1070.694000
29638,2008-06-01 00:00:00.000,SO71915,"2137,231","170,9785","53,4308","2361,6403",738,"LL Road Frame - Black, 52",2,404.664000
29638,2008-06-01 00:00:00.000,SO71915,"2137,231","170,9785","53,4308","2361,6403",938,LL Road Pedal,4,97.176000
29638,2008-06-01 00:00:00.000,SO71915,"2137,231","170,9785","53,4308","2361,6403",939,ML Road Pedal,3,111.762000
29638,2008-06-01 00:00:00.000,SO71915,"2137,231","170,9785","53,4308","2361,6403",940,HL Road Pedal,1,48.594000
30025,2008-06-01 00:00:00.000,SO71917,"40,9045","3,2724","1,0226","45,1995",875,"Racing Socks, L",7,37.758000
29982,2008-06-01 00:00:00.000,SO71920,"2980,7929","238,4634","74,5198","3293,7761",973,"Road-350-W Yellow, 40",1,1020.594000
29982,2008-06-01 00:00:00.000,SO71920,"2980,7929","238,4634","74,5198","3293,7761",938,LL Road Pedal,3,72.882000
29982,2008-06-01 00:00:00.000,SO71920,"2980,7929","238,4634","74,5198","3293,7761",976,"Road-350-W Yellow, 48",1,1020.594000
29982,2008-06-01 00:00:00.000,SO71920,"2980,7929","238,4634","74,5198","3293,7761",884,"Short-Sleeve Classic Jersey, XL",7,226.758000
29982,2008-06-01 00:00:00.000,SO71920,"2980,7929","238,4634","74,5198","3293,7761",864,"Classic Vest, S",3,114.300000
29982,2008-06-01 00:00:00.000,SO71920,"2980,7929","238,4634","74,5198","3293,7761",876,Hitch Rack - 4-Bike,1,72.000000
29781,2008-06-01 00:00:00.000,SO71923,"106,5408","8,5233","2,6635","117,7276",870,Water Bottle - 30 oz.,1,2.994000
29781,2008-06-01 00:00:00.000,SO71923,"106,5408","8,5233","2,6635","117,7276",874,"Racing Socks, M",4,21.576000
29781,2008-06-01 00:00:00.000,SO71923,"106,5408","8,5233","2,6635","117,7276",875,"Racing Socks, L",14,71.538824
29531,2008-06-01 00:00:00.000,SO71935,"6634,2961","530,7437","165,8574","7330,8972",874,"Racing Socks, M",3,16.182000
29531,2008-06-01 00:00:00.000,SO71935,"6634,2961","530,7437","165,8574","7330,8972",938,LL Road Pedal,1,24.294000
29531,2008-06-01 00:00:00.000,SO71935,"6634,2961","530,7437","165,8574","7330,8972",973,"Road-350-W Yellow, 40",3,3061.782000
29531,2008-06-01 00:00:00.000,SO71935,"6634,2961","530,7437","165,8574","7330,8972",976,"Road-350-W Yellow, 48",2,2041.188000
29531,2008-06-01 00:00:00.000,SO71935,"6634,2961","530,7437","165,8574","7330,8972",998,"Road-750 Black, 48",1,323.994000
29531,2008-06-01 00:00:00.000,SO71935,"6634,2961","530,7437","165,8574","7330,8972",875,"Racing Socks, L",13,66.428908
30050,2008-06-01 00:00:00.000,SO71936,"98278,691","7862,2953","2456,9673","108597,9536",944,"LL Mountain Frame - Silver, 40",3,475.290000
30050,2008-06-01 00:00:00.000,SO71936,"98278,691","7862,2953","2456,9673","108597,9536",985,"Mountain-500 Silver, 42",4,271.195200
30050,2008-06-01 00:00:00.000,SO71936,"98278,691","7862,2953","2456,9673","108597,9536",996,HL Bottom Bracket,4,291.576000
30050,2008-06-01 00:00:00.000,SO71936,"98278,691","7862,2953","2456,9673","108597,9536",707,"Sport-100 Helmet, Red",1,20.994000
30050,2008-06-01 00:00:00.000,SO71936,"98278,691","7862,2953","2456,9673","108597,9536",926,"LL Mountain Frame - Black, 48",1,149.874000
30050,2008-06-01 00:00:00.000,SO71936,"98278,691","7862,2953","2456,9673","108597,9536",808,LL Mountain Handlebars,4,106.896000
30050,2008-06-01 00:00:00.000,SO71936,"98278,691","7862,2953","2456,9673","108597,9536",992,"Mountain-500 Black, 48",5,1619.970000
30050,2008-06-01 00:00:00.000,SO71936,"98278,691","7862,2953","2456,9673","108597,9536",951,HL Crankset,6,1457.964000
30050,2008-06-01 00:00:00.000,SO71936,"98278,691","7862,2953","2456,9673","108597,9536",780,"Mountain-200 Silver, 42",3,4175.982000
30050,2008-06-01 00:00:00.000,SO71936,"98278,691","7862,2953","2456,9673","108597,9536",905,"ML Mountain Frame-W - Silver, 42",2,436.908000
30050,2008-06-01 00:00:00.000,SO71936,"98278,691","7862,2953","2456,9673","108597,9536",747,"HL Mountain Frame - Black, 38",4,3239.040000
30050,2008-06-01 00:00:00.000,SO71936,"98278,691","7862,2953","2456,9673","108597,9536",867,"Women's Mountain Shorts, S",14,556.952424
30050,2008-06-01 00:00:00.000,SO71936,"98278,691","7862,2953","2456,9673","108597,9536",935,LL Mountain Pedal,3,72.882000
30050,2008-06-01 00:00:00.000,SO71936,"98278,691","7862,2953","2456,9673","108597,9536",945,Front Derailleur,5,274.470000
30050,2008-06-01 00:00:00.000,SO71936,"98278,691","7862,2953","2456,9673","108597,9536",924,"LL Mountain Frame - Black, 42",5,749.370000
30050,2008-06-01 00:00:00.000,SO71936,"98278,691","7862,2953","2456,9673","108597,9536",783,"Mountain-200 Black, 42",10,13769.940000
30050,2008-06-01 00:00:00.000,SO71936,"98278,691","7862,2953","2456,9673","108597,9536",784,"Mountain-200 Black, 46",5,6884.970000
30050,2008-06-01 00:00:00.000,SO71936,"98278,691","7862,2953","2456,9673","108597,9536",748,"HL Mountain Frame - Silver, 38",5,4093.500000
30050,2008-06-01 00:00:00.000,SO71936,"98278,691","7862,2953","2456,9673","108597,9536",981,"Mountain-400-W Silver, 40",2,923.388000
30050,2008-06-01 00:00:00.000,SO71936,"98278,691","7862,2953","2456,9673","108597,9536",894,Rear Derailleur,5,364.380000
30050,2008-06-01 00:00:00.000,SO71936,"98278,691","7862,2953","2456,9673","108597,9536",779,"Mountain-200 Silver, 38",4,5567.976000
30050,2008-06-01 00:00:00.000,SO71936,"98278,691","7862,2953","2456,9673","108597,9536",782,"Mountain-200 Black, 38",8,11015.952000
30050,2008-06-01 00:00:00.000,SO71936,"98278,691","7862,2953","2456,9673","108597,9536",869,"Women's Mountain Shorts, L",8,335.952000
30050,2008-06-01 00:00:00.000,SO71936,"98278,691","7862,2953","2456,9673","108597,9536",952,Chain,3,36.432000
30050,2008-06-01 00:00:00.000,SO71936,"98278,691","7862,2953","2456,9673","108597,9536",949,LL Crankset,3,315.882000
30050,2008-06-01 00:00:00.000,SO71936,"98278,691","7862,2953","2456,9673","108597,9536",937,HL Mountain Pedal,5,242.970000
30050,2008-06-01 00:00:00.000,SO71936,"98278,691","7862,2953","2456,9673","108597,9536",910,HL Mountain Seat/Saddle,3,94.752000
30050,2008-06-01 00:00:00.000,SO71936,"98278,691","7862,2953","2456,9673","108597,9536",917,"LL Mountain Frame - Silver, 42",2,316.860000
30050,2008-06-01 00:00:00.000,SO71936,"98278,691","7862,2953","2456,9673","108597,9536",994,LL Bottom Bracket,3,97.182000
30050,2008-06-01 00:00:00.000,SO71936,"98278,691","7862,2953","2456,9673","108597,9536",984,"Mountain-500 Silver, 40",1,67.798800
30050,2008-06-01 00:00:00.000,SO71936,"98278,691","7862,2953","2456,9673","108597,9536",860,"Half-Finger Gloves, L",6,88.164000
30050,2008-06-01 00:00:00.000,SO71936,"98278,691","7862,2953","2456,9673","108597,9536",948,Front Brakes,4,255.600000
30050,2008-06-01 00:00:00.000,SO71936,"98278,691","7862,2953","2456,9673","108597,9536",925,"LL Mountain Frame - Black, 44",6,899.244000
30050,2008-06-01 00:00:00.000,SO71936,"98278,691","7862,2953","2456,9673","108597,9536",908,LL Mountain Seat/Saddle,3,48.816000
30050,2008-06-01 00:00:00.000,SO71936,"98278,691","7862,2953","2456,9673","108597,9536",918,"LL Mountain Frame - Silver, 44",1,158.430000
30050,2008-06-01 00:00:00.000,SO71936,"98278,691","7862,2953","2456,9673","108597,9536",743,"HL Mountain Frame - Black, 42",4,3239.040000
30050,2008-06-01 00:00:00.000,SO71936,"98278,691","7862,2953","2456,9673","108597,9536",739,"HL Mountain Frame - Silver, 42",5,4093.500000
30050,2008-06-01 00:00:00.000,SO71936,"98278,691","7862,2953","2456,9673","108597,9536",987,"Mountain-500 Silver, 48",2,135.597600
30050,2008-06-01 00:00:00.000,SO71936,"98278,691","7862,2953","2456,9673","108597,9536",809,ML Mountain Handlebars,5,185.760000
30050,2008-06-01 00:00:00.000,SO71936,"98278,691","7862,2953","2456,9673","108597,9536",904,"ML Mountain Frame-W - Silver, 40",2,436.908000
30050,2008-06-01 00:00:00.000,SO71936,"98278,691","7862,2953","2456,9673","108597,9536",781,"Mountain-200 Silver, 46",4,5567.976000
30050,2008-06-01 00:00:00.000,SO71936,"98278,691","7862,2953","2456,9673","108597,9536",868,"Women's Mountain Shorts, M",4,167.976000
30050,2008-06-01 00:00:00.000,SO71936,"98278,691","7862,2953","2456,9673","108597,9536",988,"Mountain-500 Silver, 52",5,338.994000
30050,2008-06-01 00:00:00.000,SO71936,"98278,691","7862,2953","2456,9673","108597,9536",742,"HL Mountain Frame - Silver, 46",7,5730.900000
30050,2008-06-01 00:00:00.000,SO71936,"98278,691","7862,2953","2456,9673","108597,9536",936,ML Mountain Pedal,2,74.508000
30050,2008-06-01 00:00:00.000,SO71936,"98278,691","7862,2953","2456,9673","108597,9536",909,ML Mountain Seat/Saddle,6,140.904000
29546,2008-06-01 00:00:00.000,SO71938,"88812,8625","7105,029","2220,3216","98138,2131",973,"Road-350-W Yellow, 40",5,5102.970000
29546,2008-06-01 00:00:00.000,SO71938,"88812,8625","7105,029","2220,3216","98138,2131",876,Hitch Rack - 4-Bike,3,216.000000
29546,2008-06-01 00:00:00.000,SO71938,"88812,8625","7105,029","2220,3216","98138,2131",835,"ML Road Frame-W - Yellow, 44",2,713.796000
29546,2008-06-01 00:00:00.000,SO71938,"88812,8625","7105,029","2220,3216","98138,2131",974,"Road-350-W Yellow, 42",3,3061.782000
29546,2008-06-01 00:00:00.000,SO71938,"88812,8625","7105,029","2220,3216","98138,2131",707,"Sport-100 Helmet, Red",3,62.982000
29546,2008-06-01 00:00:00.000,SO71938,"88812,8625","7105,029","2220,3216","98138,2131",813,HL Road Handlebars,1,72.162000
29546,2008-06-01 00:00:00.000,SO71938,"88812,8625","7105,029","2220,3216","98138,2131",938,LL Road Pedal,5,121.470000
29546,2008-06-01 00:00:00.000,SO71938,"88812,8625","7105,029","2220,3216","98138,2131",884,"Short-Sleeve Classic Jersey, XL",5,161.970000
29546,2008-06-01 00:00:00.000,SO71938,"88812,8625","7105,029","2220,3216","98138,2131",711,"Sport-100 Helmet, Blue",3,62.982000
29546,2008-06-01 00:00:00.000,SO71938,"88812,8625","7105,029","2220,3216","98138,2131",712,AWC Logo Cap,1,5.394000
29546,2008-06-01 00:00:00.000,SO71938,"88812,8625","7105,029","2220,3216","98138,2131",940,HL Road Pedal,5,242.970000
29546,2008-06-01 00:00:00.000,SO71938,"88812,8625","7105,029","2220,3216","98138,2131",792,"Road-250 Red, 58",3,4398.030000
29546,2008-06-01 00:00:00.000,SO71938,"88812,8625","7105,029","2220,3216","98138,2131",976,"Road-350-W Yellow, 48",5,5102.970000
29546,2008-06-01 00:00:00.000,SO71938,"88812,8625","7105,029","2220,3216","98138,2131",798,"Road-550-W Yellow, 40",5,3361.470000
29546,2008-06-01 00:00:00.000,SO71938,"88812,8625","7105,029","2220,3216","98138,2131",799,"Road-550-W Yellow, 42",4,2689.176000
29546,2008-06-01 00:00:00.000,SO71938,"88812,8625","7105,029","2220,3216","98138,2131",864,"Classic Vest, S",4,152.400000
29546,2008-06-01 00:00:00.000,SO71938,"88812,8625","7105,029","2220,3216","98138,2131",714,"Long-Sleeve Logo Jersey, M",2,59.988000
29546,2008-06-01 00:00:00.000,SO71938,"88812,8625","7105,029","2220,3216","98138,2131",999,"Road-750 Black, 52",4,1295.976000
29546,2008-06-01 00:00:00.000,SO71938,"88812,8625","7105,029","2220,3216","98138,2131",998,"Road-750 Black, 48",5,1619.970000
29546,2008-06-01 00:00:00.000,SO71938,"88812,8625","7105,029","2220,3216","98138,2131",877,Bike Wash - Dissolver,6,28.620000
29546,2008-06-01 00:00:00.000,SO71938,"88812,8625","7105,029","2220,3216","98138,2131",796,"Road-250 Black, 58",3,4398.030000
29546,2008-06-01 00:00:00.000,SO71938,"88812,8625","7105,029","2220,3216","98138,2131",708,"Sport-100 Helmet, Black",5,104.970000
29546,2008-06-01 00:00:00.000,SO71938,"88812,8625","7105,029","2220,3216","98138,2131",865,"Classic Vest, M",5,190.500000
29546,2008-06-01 00:00:00.000,SO71938,"88812,8625","7105,029","2220,3216","98138,2131",738,"LL Road Frame - Black, 52",3,606.996000
29546,2008-06-01 00:00:00.000,SO71938,"88812,8625","7105,029","2220,3216","98138,2131",883,"Short-Sleeve Classic Jersey, L",3,97.182000
29546,2008-06-01 00:00:00.000,SO71938,"88812,8625","7105,029","2220,3216","98138,2131",997,"Road-750 Black, 44",3,971.982000
29546,2008-06-01 00:00:00.000,SO71938,"88812,8625","7105,029","2220,3216","98138,2131",870,Water Bottle - 30 oz.,8,23.952000
29546,2008-06-01 00:00:00.000,SO71938,"88812,8625","7105,029","2220,3216","98138,2131",795,"Road-250 Black, 52",6,8796.060000
29546,2008-06-01 00:00:00.000,SO71938,"88812,8625","7105,029","2220,3216","98138,2131",874,"Racing Socks, M",4,21.576000
29546,2008-06-01 00:00:00.000,SO71938,"88812,8625","7105,029","2220,3216","98138,2131",859,"Half-Finger Gloves, M",2,29.388000
29546,2008-06-01 00:00:00.000,SO71938,"88812,8625","7105,029","2220,3216","98138,2131",975,"Road-350-W Yellow, 44",5,5102.970000
29546,2008-06-01 00:00:00.000,SO71938,"88812,8625","7105,029","2220,3216","98138,2131",793,"Road-250 Black, 44",3,4398.030000
29546,2008-06-01 00:00:00.000,SO71938,"88812,8625","7105,029","2220,3216","98138,2131",797,"Road-550-W Yellow, 38",5,3361.470000
29546,2008-06-01 00:00:00.000,SO71938,"88812,8625","7105,029","2220,3216","98138,2131",880,Hydration Pack - 70 oz.,7,230.958000
29546,2008-06-01 00:00:00.000,SO71938,"88812,8625","7105,029","2220,3216","98138,2131",977,"Road-750 Black, 58",4,1295.976000
29546,2008-06-01 00:00:00.000,SO71938,"88812,8625","7105,029","2220,3216","98138,2131",801,"Road-550-W Yellow, 48",5,3361.470000
29546,2008-06-01 00:00:00.000,SO71938,"88812,8625","7105,029","2220,3216","98138,2131",794,"Road-250 Black, 48",7,10262.070000
29546,2008-06-01 00:00:00.000,SO71938,"88812,8625","7105,029","2220,3216","98138,2131",939,ML Road Pedal,6,223.524000
29546,2008-06-01 00:00:00.000,SO71938,"88812,8625","7105,029","2220,3216","98138,2131",715,"Long-Sleeve Logo Jersey, L",3,89.982000
29546,2008-06-01 00:00:00.000,SO71938,"88812,8625","7105,029","2220,3216","98138,2131",881,"Short-Sleeve Classic Jersey, S",1,32.394000
29546,2008-06-01 00:00:00.000,SO71938,"88812,8625","7105,029","2220,3216","98138,2131",875,"Racing Socks, L",2,10.788000
29546,2008-06-01 00:00:00.000,SO71938,"88812,8625","7105,029","2220,3216","98138,2131",800,"Road-550-W Yellow, 44",3,2016.882000
29741,2008-06-01 00:00:00.000,SO71946,"38,9536","3,1163","0,9738","43,0437",916,HL Touring Seat/Saddle,1,31.584000
